 x,
 "http://yago-knowledge.org/resource/Aberdeen" ,
 "http://yago-knowledge.org/resource/Arbroath_Abbey" ,
 "http://yago-knowledge.org/resource/Balmoral_Castle" ,
 "http://yago-knowledge.org/resource/Dundee" ,
 "http://yago-knowledge.org/resource/Edinburgh" ,
 "http://yago-knowledge.org/resource/Hebrides" ,
 "http://yago-knowledge.org/resource/Maeshowe" ,
 "http://yago-knowledge.org/resource/Orkney" ,
 "http://yago-knowledge.org/resource/Rockall" ,
 "http://yago-knowledge.org/resource/River_Clyde" ,
 "http://yago-knowledge.org/resource/Skara_Brae" ,
 "http://yago-knowledge.org/resource/Scottish_Highlands" ,
 "http://yago-knowledge.org/resource/Shetland" ,
 "http://yago-knowledge.org/resource/Sensation_Science_Centre" ,
 "http://yago-knowledge.org/resource/Alford_railway_station" ,
 "http://yago-knowledge.org/resource/Maud_Junction_railway_station" ,
 "http://yago-knowledge.org/resource/River_Leader" ,
 "http://yago-knowledge.org/resource/Carna" ,
 "http://yago-knowledge.org/resource/M26Ds" ,
 "http://yago-knowledge.org/resource/Saltoun_Parish_Church" ,
 "http://yago-knowledge.org/resource/Bolton_Parish_Church_East_Lothian" ,
 "http://yago-knowledge.org/resource/Summerlee_Museum_of_Scottish_Industrial_Life" ,
 "http://yago-knowledge.org/resource/Rinyo" ,
 "http://yago-knowledge.org/resource/Water_of_Aven" ,
 "http://yago-knowledge.org/resource/Links_of_Noltland" ,
 "http://yago-knowledge.org/resource/Burn_of_Myrehouse" ,
 "http://yago-knowledge.org/resource/Black_Hill_South_Lanarkshire" ,
 "http://yago-knowledge.org/resource/Myreton_Motor_Museum" ,
 "http://yago-knowledge.org/resource/Meall_nan_Tarmachan" ,
 "http://yago-knowledge.org/resource/Tarbet_Isle" ,
 "http://yago-knowledge.org/resource/Laeca_Burn" ,
 "http://yago-knowledge.org/resource/South_Ugie_Water" ,
 "http://yago-knowledge.org/resource/Loch_of_Aboyne" ,
 "http://yago-knowledge.org/resource/Caaf_Water" ,
 "http://yago-knowledge.org/resource/Scottish_Football_Hall_of_Fame" ,
 "http://yago-knowledge.org/resource/Laigh_Kirk_Paisley" ,
 "http://yago-knowledge.org/resource/Dundee_Cake" ,
 "http://yago-knowledge.org/resource/Pow_Burn" ,
 "http://yago-knowledge.org/resource/Loch_Veyatie" ,
 "http://yago-knowledge.org/resource/Craigtoun_Country_Park" ,
 "http://yago-knowledge.org/resource/St_Andrew_Square_Edinburgh" ,
 "http://yago-knowledge.org/resource/River_Add" ,
 "http://yago-knowledge.org/resource/Siadar_Wave_Power_Station" ,
 "http://yago-knowledge.org/resource/Fife_power_station" ,
 "http://yago-knowledge.org/resource/Highland_Clearances" ,
 "http://yago-knowledge.org/resource/Dun_Anlaimh" ,
 "http://yago-knowledge.org/resource/Drumcoltran_Tower" ,
 "http://yago-knowledge.org/resource/Torthorwald_Castle" ,
 "http://yago-knowledge.org/resource/River_Cree" ,
 "http://yago-knowledge.org/resource/The_Kitchin" ,
 "http://yago-knowledge.org/resource/North_Medwyn_River" ,
 "http://yago-knowledge.org/resource/Repentance_Tower" ,
 "http://yago-knowledge.org/resource/Glencripesdale_Estate" ,
 "http://yago-knowledge.org/resource/Cnoc_Coinnich" ,
 "http://yago-knowledge.org/resource/River_Truim" ,
 "http://yago-knowledge.org/resource/Camperdown_Country_Park" ,
 "http://yago-knowledge.org/resource/Regent_Shopping_Centre" ,
 "http://yago-knowledge.org/resource/River_Shira" ,
 "http://yago-knowledge.org/resource/Armadale_Sutherland" ,
 "http://yago-knowledge.org/resource/St_Bride27s_Church_Glasgow" ,
 "http://yago-knowledge.org/resource/Codonas_Amusement_Park" ,
 "http://yago-knowledge.org/resource/South_Leith_Parish_Church" ,
 "http://yago-knowledge.org/resource/RAF_Tinwald_Downs" ,
 "http://yago-knowledge.org/resource/Badbea" ,
 "http://yago-knowledge.org/resource/Ballachulish_House" ,
 "http://yago-knowledge.org/resource/Braidwoods" ,
 "http://yago-knowledge.org/resource/Champany_Inn" ,
 "http://yago-knowledge.org/resource/Glenapp_Castle" ,
 "http://yago-knowledge.org/resource/Knockinaam_Lodge" ,
 "http://yago-knowledge.org/resource/Ayr_Cathedral" ,
 "http://yago-knowledge.org/resource/Boreray_St_Kilda" ,
 "http://yago-knowledge.org/resource/A27_Chrois" ,
 "http://yago-knowledge.org/resource/Stob_an_Eas" ,
 "http://yago-knowledge.org/resource/Binnend" ,
 "http://yago-knowledge.org/resource/Beinn_Chorranach" ,
 "http://yago-knowledge.org/resource/Beinn_Lochain" ,
 "http://yago-knowledge.org/resource/Stob_na_Boine_Druim-fhinn" ,
 "http://yago-knowledge.org/resource/Museums_Galleries_Scotland" ,
 "http://yago-knowledge.org/resource/Verdant_Works" ,
 "http://yago-knowledge.org/resource/Bothwellhaugh" ,
 "http://yago-knowledge.org/resource/Stromay" ,
 "http://yago-knowledge.org/resource/Viking_Bergen_Island" ,
 "http://yago-knowledge.org/resource/Ness_of_Brodgar" ,
 "http://yago-knowledge.org/resource/Orosay" ,
 "http://yago-knowledge.org/resource/Barry_Mill" ,
 "http://yago-knowledge.org/resource/Ellisland_Farm" ,
 "http://yago-knowledge.org/resource/Flodaigh_Lewis" ,
 "http://yago-knowledge.org/resource/Montrose_Museum" ,
 "http://yago-knowledge.org/resource/The_Colony_Bennachie" ,
 "http://yago-knowledge.org/resource/Annandale_Way" ,
 "http://yago-knowledge.org/resource/Old_Gala_House" ,
 "http://yago-knowledge.org/resource/Southern_General_Hospital" ,
 "http://yago-knowledge.org/resource/Rob_Roy_Way" ,
 "http://yago-knowledge.org/resource/Gunnister" ,
 "http://yago-knowledge.org/resource/Beinn_Dearg_Mor" ,
 "http://yago-knowledge.org/resource/Insh_Slate_Islands" ,
 "http://yago-knowledge.org/resource/Eilean_Mhic_Chrion" ,
 "http://yago-knowledge.org/resource/Eilean_Mor_Loch_Langavat" ,
 "http://yago-knowledge.org/resource/Eilean_Ighe" ,
 "http://yago-knowledge.org/resource/Dun_an_Achaidh" ,
 "http://yago-knowledge.org/resource/Neave_Island" ,
 "http://yago-knowledge.org/resource/Dun_Dubh" ,
 "http://yago-knowledge.org/resource/Dun_Morbhaidh" ,
 "http://yago-knowledge.org/resource/Dun_Cholla" ,
 "http://yago-knowledge.org/resource/Dun_Eibhinn" ,
 "http://yago-knowledge.org/resource/Eilean_Hoan" ,
 "http://yago-knowledge.org/resource/Eilean_Choraidh" ,
 "http://yago-knowledge.org/resource/Innis_Mhor" ,
 "http://yago-knowledge.org/resource/Dun_Gallain" ,
 "http://yago-knowledge.org/resource/Dun_Meadhonach" ,
 "http://yago-knowledge.org/resource/Dun_Uragaig" ,
 "http://yago-knowledge.org/resource/Dun_Tealtaig" ,
 "http://yago-knowledge.org/resource/Eilean_Trodday" ,
 "http://yago-knowledge.org/resource/South_Ascrib" ,
 "http://yago-knowledge.org/resource/Harlosh_Island" ,
 "http://yago-knowledge.org/resource/Tarner_Island" ,
 "http://yago-knowledge.org/resource/Eilean_Fladday" ,
 "http://yago-knowledge.org/resource/Breachacha_crannog" ,
 "http://yago-knowledge.org/resource/Eilean_Tigh" ,
 "http://yago-knowledge.org/resource/Eilean_Mor_Loch_Dunvegan" ,
 "http://yago-knowledge.org/resource/Polkemmet_Country_Park" ,
 "http://yago-knowledge.org/resource/Preston_Island_Fife" ,
 "http://yago-knowledge.org/resource/River_Garry_Inverness-shire" ,
 "http://yago-knowledge.org/resource/Rainish_Eilean_Mor" ,
 "http://yago-knowledge.org/resource/Dunglass_Island" ,
 "http://yago-knowledge.org/resource/Geopark_Shetland" ,
 "http://yago-knowledge.org/resource/Old_Calton_Cemetery" ,
 "http://yago-knowledge.org/resource/Glasgow_Victoria_Infirmary" ,
 "http://yago-knowledge.org/resource/Greyfriars_Kirkyard" ,
 "http://yago-knowledge.org/resource/Clydebank_Museum" ,
 "http://yago-knowledge.org/resource/Cumbernauld" ,
 "http://yago-knowledge.org/resource/Old_Pentland_Cemetery" ,
 "http://yago-knowledge.org/resource/Drumpellier" ,
 "http://yago-knowledge.org/resource/Talla_Water" ,
 "http://yago-knowledge.org/resource/Bothwell_Water" ,
 "http://yago-knowledge.org/resource/Caddon_Water" ,
 "http://yago-knowledge.org/resource/Dye_Water" ,
 "http://yago-knowledge.org/resource/Kalemouth" ,
 "http://yago-knowledge.org/resource/Chambers_Institution" ,
 "http://yago-knowledge.org/resource/Borthwick_Water" ,
 "http://yago-knowledge.org/resource/Allander_Water" ,
 "http://yago-knowledge.org/resource/Biel_Water" ,
 "http://yago-knowledge.org/resource/Hermitage_Water" ,
 "http://yago-knowledge.org/resource/John_Paul_Jones_Cottage_Museum" ,
 "http://yago-knowledge.org/resource/Megget_Water" ,
 "http://yago-knowledge.org/resource/Bassendean_Scottish_Borders" ,
 "http://yago-knowledge.org/resource/River_Ardle" ,
 "http://yago-knowledge.org/resource/River_Balvaig" ,
 "http://yago-knowledge.org/resource/Braid_Burn" ,
 "http://yago-knowledge.org/resource/Cruachan_Dam" ,
 "http://yago-knowledge.org/resource/Law_Ting_Holm" ,
 "http://yago-knowledge.org/resource/Orkney_Wave_Power_Station" ,
 "http://yago-knowledge.org/resource/Hunter_House_Museum" ,
 "http://yago-knowledge.org/resource/Fortrose_Cathedral" ,
 "http://yago-knowledge.org/resource/Tullibody_Inch" ,
 "http://yago-knowledge.org/resource/Midlothian_Community_Hospital" ,
 "http://yago-knowledge.org/resource/Scottish_watershed" ,
 "http://yago-knowledge.org/resource/Elliot_Water" ,
 "http://yago-knowledge.org/resource/Ca_na_Catanach" ,
 "http://yago-knowledge.org/resource/Rosebank_Cemetery" ,
 "http://yago-knowledge.org/resource/Newhouse_Research_Site" ,
 "http://yago-knowledge.org/resource/St_Andrews_Church_Arbroath" ,
 "http://yago-knowledge.org/resource/Falkirk_Old_Parish_Church" ,
 "http://yago-knowledge.org/resource/Mclean_Museum" ,
 "http://yago-knowledge.org/resource/Beecraigs" ,
 "http://yago-knowledge.org/resource/Bentley_Oil_Field" ,
 "http://yago-knowledge.org/resource/River_Helmsdale" ,
 "http://yago-knowledge.org/resource/River_Brora" ,
 "http://yago-knowledge.org/resource/River_Laggan" ,
 "http://yago-knowledge.org/resource/River_Sorn" ,
 "http://yago-knowledge.org/resource/Barr_River_Morvern" ,
 "http://yago-knowledge.org/resource/Barr_Water" ,
 "http://yago-knowledge.org/resource/Carron_Water_Dumfriesshire" ,
 "http://yago-knowledge.org/resource/Douglas_Water_Loch_Fyne" ,
 "http://yago-knowledge.org/resource/River_Garry_Perthshire" ,
 "http://yago-knowledge.org/resource/River_Glass_Strathglass" ,
 "http://yago-knowledge.org/resource/Evonium" ,
 "http://yago-knowledge.org/resource/Tarf_Water_Wigtownshire" ,
 "http://yago-knowledge.org/resource/River_Tarff_Fort_Augustus" ,
 "http://yago-knowledge.org/resource/River_Ericht_Rannoch" ,
 "http://yago-knowledge.org/resource/Kirtle_Water" ,
 "http://yago-knowledge.org/resource/River_Fiddich" ,
 "http://yago-knowledge.org/resource/River_Dulnain" ,
 "http://yago-knowledge.org/resource/River_Nethy" ,
 "http://yago-knowledge.org/resource/River_Feshie" ,
 "http://yago-knowledge.org/resource/River_Druie" ,
 "http://yago-knowledge.org/resource/River_Tromie" ,
 "http://yago-knowledge.org/resource/River_Calder_Highland" ,
 "http://yago-knowledge.org/resource/Dorback_Burn_Findhorn" ,
 "http://yago-knowledge.org/resource/River_Awe" ,
 "http://yago-knowledge.org/resource/River_Nairn" ,
 "http://yago-knowledge.org/resource/Dun_a27_Choin_Duibh" ,
 "http://yago-knowledge.org/resource/Kilkenzie" ,
 "http://yago-knowledge.org/resource/St_Vigeans_Church" ,
 "http://yago-knowledge.org/resource/Old_military_roads_of_Scotland" ,
 "http://yago-knowledge.org/resource/Angus_Folk_Museum" ,
 "http://yago-knowledge.org/resource/River_Farrar" ,
 "http://yago-knowledge.org/resource/Airlie_Parish_Kirk" ,
 "http://yago-knowledge.org/resource/River_E" ,
 "http://yago-knowledge.org/resource/Broken_men" ,
 "http://yago-knowledge.org/resource/Patterton" ,
 "http://yago-knowledge.org/resource/Loudoun_Castle_theme_park" ,
 "http://yago-knowledge.org/resource/Black_Devon" ,
 "http://yago-knowledge.org/resource/St_Brendan27s_Hospital_Castlebay" ,
 "http://yago-knowledge.org/resource/Inverneill_House" ,
 "http://yago-knowledge.org/resource/Black_Water_Conon" ,
 "http://yago-knowledge.org/resource/Luggie_Water" ,
 "http://yago-knowledge.org/resource/Eileanan_Chearabhaigh" ,
 "http://yago-knowledge.org/resource/Theatre_Royal_Dumfries" ,
 "http://yago-knowledge.org/resource/Tain_26_District_Museum" ,
 "http://yago-knowledge.org/resource/Andersonian_Library" ,
 "http://yago-knowledge.org/resource/West_Highland_Museum" ,
 "http://yago-knowledge.org/resource/Tarth_Water" ,
 "http://yago-knowledge.org/resource/Ceannabeinne" ,
 "http://yago-knowledge.org/resource/Scottish_island_names" ,
 "http://yago-knowledge.org/resource/Lochbroom_Free_Church" ,
 "http://yago-knowledge.org/resource/Cambusdoon" ,
 "http://yago-knowledge.org/resource/Mossilee" ,
 "http://yago-knowledge.org/resource/Glenorchy_Parish_Church" ,
 "http://yago-knowledge.org/resource/River_Orchy" ,
 "http://yago-knowledge.org/resource/Meffan_Institute" ,
 "http://yago-knowledge.org/resource/Bonkyll_Castle" ,
 "http://yago-knowledge.org/resource/Seana_Bhraigh" ,
 "http://yago-knowledge.org/resource/Aegir_wave_farm" ,
 "http://yago-knowledge.org/resource/Glazert_Water" ,
 "http://yago-knowledge.org/resource/Dun_da_Ghaoithe" ,
 "http://yago-knowledge.org/resource/River_Nethan" ,
 "http://yago-knowledge.org/resource/Calbha_Mor" ,
 "http://yago-knowledge.org/resource/River_Bogie" ,
 "http://yago-knowledge.org/resource/J_B_Courtney_Woolen_Mills" ,
 "http://yago-knowledge.org/resource/Cairn_Water" ,
 "http://yago-knowledge.org/resource/Viking_Wind_Farm" ,
 "http://yago-knowledge.org/resource/Barry_Burn" ,
 "http://yago-knowledge.org/resource/River_Gaur" ,
 "http://yago-knowledge.org/resource/Glasgow" ,
 "http://yago-knowledge.org/resource/Loch_Errochty" ,
 "http://yago-knowledge.org/resource/Scottish_Maritime_Museum" ,
 "http://yago-knowledge.org/resource/Spout_of_Garnock" ,
 "http://yago-knowledge.org/resource/Scottish_Borders" ,
 "http://yago-knowledge.org/resource/Highland_council_area" ,
 "http://yago-knowledge.org/resource/Alladale_River" ,
 "http://yago-knowledge.org/resource/Ravenscraig" ,
 "http://yago-knowledge.org/resource/Perth_Scotland" ,
 "http://yago-knowledge.org/resource/Whitelee_Wind_Farm" ,
 "http://yago-knowledge.org/resource/St_Andrew27s_Cathedral_Dundee" ,
 "http://yago-knowledge.org/resource/Ardnamurchan_Point" ,
 "http://yago-knowledge.org/resource/St_Kilda_Scotland" ,
 "http://yago-knowledge.org/resource/North_Ayrshire" ,
 "http://yago-knowledge.org/resource/Auchinloch" ,
 "http://yago-knowledge.org/resource/Stirling" ,
 "http://yago-knowledge.org/resource/Barnhouse_Settlement" ,
 "http://yago-knowledge.org/resource/National_Museum_of_Rural_Life" ,
 "http://yago-knowledge.org/resource/River_Quoich" ,
 "http://yago-knowledge.org/resource/Elgin_Moray" ,
 "http://yago-knowledge.org/resource/Torsa" ,
 "http://yago-knowledge.org/resource/East_Kilbride" ,
 "http://yago-knowledge.org/resource/River_Ythan" ,
 "http://yago-knowledge.org/resource/Strathpeffer" ,
 "http://yago-knowledge.org/resource/Mingulay" ,
 "http://yago-knowledge.org/resource/Broughty_Castle" ,
 "http://yago-knowledge.org/resource/Irvine_North_Ayrshire" ,
 "http://yago-knowledge.org/resource/Dun_Eistean" ,
 "http://yago-knowledge.org/resource/Inverness" ,
 "http://yago-knowledge.org/resource/Shawfair" ,
 "http://yago-knowledge.org/resource/Outer_Hebrides" ,
 "http://yago-knowledge.org/resource/Water_of_Fail" ,
 "http://yago-knowledge.org/resource/Staffa" ,
 "http://yago-knowledge.org/resource/Blackadder_Water" ,
 "http://yago-knowledge.org/resource/Oronsay_Loch_Sunart" ,
 "http://yago-knowledge.org/resource/Lerwick" ,
 "http://yago-knowledge.org/resource/Buckhaven" ,
 "http://yago-knowledge.org/resource/Dunrobin_Castle" ,
 "http://yago-knowledge.org/resource/Eynhallow" ,
 "http://yago-knowledge.org/resource/Stewart_Brewing" ,
 "http://yago-knowledge.org/resource/Kilmarnock_Infirmary" ,
 "http://yago-knowledge.org/resource/Glenrothes" ,
 "http://yago-knowledge.org/resource/An_Socach_Glen_Ey" ,
 "http://yago-knowledge.org/resource/Lugar_Water" ,
 "http://yago-knowledge.org/resource/Davaar_Island" ,
 "http://yago-knowledge.org/resource/Holm_of_Houton" ,
 "http://yago-knowledge.org/resource/Huney" ,
 "http://yago-knowledge.org/resource/Roman_Catholic_Diocese_of_Dunkeld" ,
 "http://yago-knowledge.org/resource/Balta_Shetland" ,
 "http://yago-knowledge.org/resource/Robin_Chapel" ,
 "http://yago-knowledge.org/resource/New_Abbey" ,
 "http://yago-knowledge.org/resource/Stac_an_Armin" ,
 "http://yago-knowledge.org/resource/Hairmyres_Hospital" ,
 "http://yago-knowledge.org/resource/Brei_Holm" ,
 "http://yago-knowledge.org/resource/Allt_Graad" ,
 "http://yago-knowledge.org/resource/Storybook_Glen" ,
 "http://yago-knowledge.org/resource/Bigga_Shetland" ,
 "http://yago-knowledge.org/resource/Glenfinnan_railway_station" ,
 "http://yago-knowledge.org/resource/Livingston_West_Lothian" ,
 "http://yago-knowledge.org/resource/Little_Colonsay" ,
 "http://yago-knowledge.org/resource/Leuchar_Burn" ,
 "http://yago-knowledge.org/resource/Dumfries_Museum" ,
 "http://yago-knowledge.org/resource/Lake_of_the_Hirsel" ,
 "http://yago-knowledge.org/resource/Ythan_Estuary" ,
 "http://yago-knowledge.org/resource/River_Dochart" ,
 "http://yago-knowledge.org/resource/River_Bladnoch" ,
 "http://yago-knowledge.org/resource/National_Museum_of_Flight" ,
 "http://yago-knowledge.org/resource/Fairy_Lochs" ,
 "http://yago-knowledge.org/resource/Citizens_Theatre" ,
 "http://yago-knowledge.org/resource/Burn_of_Ayreland" ,
 "http://yago-knowledge.org/resource/Burgh_of_barony" ,
 "http://yago-knowledge.org/resource/Jarlshof" ,
 "http://yago-knowledge.org/resource/Grimsay_South_East_Benbecula" ,
 "http://yago-knowledge.org/resource/Water_of_Fleet" ,
 "http://yago-knowledge.org/resource/People27s_Palace" ,
 "http://yago-knowledge.org/resource/Blackness_Castle" ,
 "http://yago-knowledge.org/resource/Satrosphere_Science_Centre" ,
 "http://yago-knowledge.org/resource/Riverside_Museum" ,
 "http://yago-knowledge.org/resource/Broch_of_Gurness" ,
 "http://yago-knowledge.org/resource/Loch_Faskally" ,
 "http://yago-knowledge.org/resource/Oronsay_Inner_Hebrides" ,
 "http://yago-knowledge.org/resource/Stobhill_Hospital" ,
 "http://yago-knowledge.org/resource/Aden_Country_Park" ,
 "http://yago-knowledge.org/resource/River_Irvine" ,
 "http://yago-knowledge.org/resource/Meadowbank_Stadium" ,
 "http://yago-knowledge.org/resource/Kili_Holm" ,
 "http://yago-knowledge.org/resource/Forss_Water" ,
 "http://yago-knowledge.org/resource/Insch_railway_station" ,
 "http://yago-knowledge.org/resource/River_Dee_Aberdeenshire" ,
 "http://yago-knowledge.org/resource/Pentland_Hills" ,
 "http://yago-knowledge.org/resource/Shetland_Museum" ,
 "http://yago-knowledge.org/resource/Stonehouse_South_Lanarkshire" ,
 "http://yago-knowledge.org/resource/Craigmaroinn" ,
 "http://yago-knowledge.org/resource/Mills_Observatory" ,
 "http://yago-knowledge.org/resource/Tron_Theatre" ,
 "http://yago-knowledge.org/resource/King27s_Theatre_Edinburgh" ,
 "http://yago-knowledge.org/resource/Regimental_museum" ,
 "http://yago-knowledge.org/resource/Uyea_Unst" ,
 "http://yago-knowledge.org/resource/Scottish_Industrial_Railway_Centre" ,
 "http://yago-knowledge.org/resource/Piper_oilfield" ,
 "http://yago-knowledge.org/resource/Hascosay" ,
 "http://yago-knowledge.org/resource/Arts_Guild_Theatre_Greenock" ,
 "http://yago-knowledge.org/resource/Marischal_Museum" ,
 "http://yago-knowledge.org/resource/Fara_Orkney" ,
 "http://yago-knowledge.org/resource/Loudoun_Kirk" ,
 "http://yago-knowledge.org/resource/Royal_Lyceum_Theatre" ,
 "http://yago-knowledge.org/resource/Dean_Castle" ,
 "http://yago-knowledge.org/resource/Wellington_Church" ,
 "http://yago-knowledge.org/resource/STV_TV_network" ,
 "http://yago-knowledge.org/resource/Kelvin_river" ,
 "http://yago-knowledge.org/resource/Neish_Island" ,
 "http://yago-knowledge.org/resource/Strathclyde_Country_Park" ,
 "http://yago-knowledge.org/resource/Threave_Castle" ,
 "http://yago-knowledge.org/resource/Battle_of_Bannockburn" ,
 "http://yago-knowledge.org/resource/National_Museum_of_Scotland" ,
 "http://yago-knowledge.org/resource/Rabbit_Islands_Scotland" ,
 "http://yago-knowledge.org/resource/Moncreiffe_Island" ,
 "http://yago-knowledge.org/resource/River_Cassley" ,
 "http://yago-knowledge.org/resource/Whitrope_Siding" ,
 "http://yago-knowledge.org/resource/Monach_Islands" ,
 "http://yago-knowledge.org/resource/North_West_Highlands_Geopark" ,
 "http://yago-knowledge.org/resource/Eilean_Aigas" ,
 "http://yago-knowledge.org/resource/Fort_George_Scotland" ,
 "http://yago-knowledge.org/resource/Dunkeld_Cathedral" ,
 "http://yago-knowledge.org/resource/Southern_Necropolis" ,
 "http://yago-knowledge.org/resource/High_Court_of_Justiciary" ,
 "http://yago-knowledge.org/resource/Dun_Ringill" ,
 "http://yago-knowledge.org/resource/Titan_Clydebank" ,
 "http://yago-knowledge.org/resource/New_Lanark" ,
 "http://yago-knowledge.org/resource/Urr_Water" ,
 "http://yago-knowledge.org/resource/Gala_Water" ,
 "http://yago-knowledge.org/resource/McManus_Galleries" ,
 "http://yago-knowledge.org/resource/Scottish_Football_Museum" ,
 "http://yago-knowledge.org/resource/Oldany_Island" ,
 "http://yago-knowledge.org/resource/Loch_an_Eilein" ,
 "http://yago-knowledge.org/resource/Baleshare" ,
 "http://yago-knowledge.org/resource/Inchbuie" ,
 "http://yago-knowledge.org/resource/Little_Gruinard" ,
 "http://yago-knowledge.org/resource/River_Calder_Renfrewshire" ,
 "http://yago-knowledge.org/resource/Gordon_Highlanders_Museum" ,
 "http://yago-knowledge.org/resource/Perth_Royal_Infirmary" ,
 "http://yago-knowledge.org/resource/River_Avon_Strathspey" ,
 "http://yago-knowledge.org/resource/The_Apollo_Glasgow" ,
 "http://yago-knowledge.org/resource/Sanday_Inner_Hebrides" ,
 "http://yago-knowledge.org/resource/Greens_Playhouse" ,
 "http://yago-knowledge.org/resource/River_Oykel" ,
 "http://yago-knowledge.org/resource/River_Levern" ,
 "http://yago-knowledge.org/resource/St_Andrew27s_West" ,
 "http://yago-knowledge.org/resource/Pentland_Skerries" ,
 "http://yago-knowledge.org/resource/Burn_of_Elsick" ,
 "http://yago-knowledge.org/resource/Cherry_Island_Loch_Ness" ,
 "http://yago-knowledge.org/resource/River_Almond_Lothian" ,
 "http://yago-knowledge.org/resource/Woolmanhill_Hospital" ,
 "http://yago-knowledge.org/resource/Loch_Ossian" ,
 "http://yago-knowledge.org/resource/Balloch_Country_Park" ,
 "http://yago-knowledge.org/resource/River_Thurso" ,
 "http://yago-knowledge.org/resource/Broch_of_Clickimin" ,
 "http://yago-knowledge.org/resource/St_John27s_Hospital_Livingston" ,
 "http://yago-knowledge.org/resource/Dunalastair_Water" ,
 "http://yago-knowledge.org/resource/River_North_Esk" ,
 "http://yago-knowledge.org/resource/Allasdale" ,
 "http://yago-knowledge.org/resource/Eden_Water" ,
 "http://yago-knowledge.org/resource/Bannock_Burn" ,
 "http://yago-knowledge.org/resource/St_Mary27s_Cathedral_Edinburgh_Roman_Catholic" ,
 "http://yago-knowledge.org/resource/River_Carron_Wester_Ross" ,
 "http://yago-knowledge.org/resource/Eglinton_Country_Park" ,
 "http://yago-knowledge.org/resource/Balhousie_Castle" ,
 "http://yago-knowledge.org/resource/River_Gryfe" ,
 "http://yago-knowledge.org/resource/Aberdeen_Maritime_Museum" ,
 "http://yago-knowledge.org/resource/Eilean_Domhnuill" ,
 "http://yago-knowledge.org/resource/Edinburgh_Playhouse" ,
 "http://yago-knowledge.org/resource/Gray27s_School_of_Art" ,
 "http://yago-knowledge.org/resource/Eden_Court_Theatre" ,
 "http://yago-knowledge.org/resource/Glasgow_Science_Centre" ,
 "http://yago-knowledge.org/resource/Wick_Highland" ,
 "http://yago-knowledge.org/resource/Achnacarry_Castle" ,
 "http://yago-knowledge.org/resource/Holm_of_Papa" ,
 "http://yago-knowledge.org/resource/Carron_Water_Aberdeenshire" ,
 "http://yago-knowledge.org/resource/River_Afton" ,
 "http://yago-knowledge.org/resource/Wallace_Monument" ,
 "http://yago-knowledge.org/resource/Scouthal_Burn" ,
 "http://yago-knowledge.org/resource/Kilwinning_Abbey" ,
 "http://yago-knowledge.org/resource/Clyde_Muirshiel_Regional_Park" ,
 "http://yago-knowledge.org/resource/Springburn_Museum" ,
 "http://yago-knowledge.org/resource/North_Roe" ,
 "http://yago-knowledge.org/resource/Danna_Scotland" ,
 "http://yago-knowledge.org/resource/Barra_Head" ,
 "http://yago-knowledge.org/resource/Swona" ,
 "http://yago-knowledge.org/resource/Hirta" ,
 "http://yago-knowledge.org/resource/Burn_of_Monboys" ,
 "http://yago-knowledge.org/resource/Uyea_Northmavine" ,
 "http://yago-knowledge.org/resource/Newhaven_Heritage_Museum" ,
 "http://yago-knowledge.org/resource/Muckle_Skerry" ,
 "http://yago-knowledge.org/resource/Norman27s_Law" ,
 "http://yago-knowledge.org/resource/Kelburn_Castle" ,
 "http://yago-knowledge.org/resource/Auchenshoogle" ,
 "http://yago-knowledge.org/resource/Cairnpapple_Hill" ,
 "http://yago-knowledge.org/resource/Inverclyde_Royal_Hospital" ,
 "http://yago-knowledge.org/resource/Linlithgow_Union_Canal_Society" ,
 "http://yago-knowledge.org/resource/Our_Dynamic_Earth" ,
 "http://yago-knowledge.org/resource/West_Linga" ,
 "http://yago-knowledge.org/resource/Battle_of_Culloden" ,
 "http://yago-knowledge.org/resource/West_Head_of_Papa" ,
 "http://yago-knowledge.org/resource/River_Annan" ,
 "http://yago-knowledge.org/resource/Loch_Ettrick" ,
 "http://yago-knowledge.org/resource/Roslin_Glen_Country_Park" ,
 "http://yago-knowledge.org/resource/Cramond_Island" ,
 "http://yago-knowledge.org/resource/John_Muir_Country_Park" ,
 "http://yago-knowledge.org/resource/Linga_Vaila" ,
 "http://yago-knowledge.org/resource/River_Garnock" ,
 "http://yago-knowledge.org/resource/Knap_of_Howar" ,
 "http://yago-knowledge.org/resource/Glasgow_Museum_of_Transport" ,
 "http://yago-knowledge.org/resource/Rattray_Aberdeenshire" ,
 "http://yago-knowledge.org/resource/Mugdock_Country_Park" ,
 "http://yago-knowledge.org/resource/Shinnel_Water" ,
 "http://yago-knowledge.org/resource/National_War_Museum" ,
 "http://yago-knowledge.org/resource/Scotland_national_football_team_roll_of_honour" ,
 "http://yago-knowledge.org/resource/River_Braan" ,
 "http://yago-knowledge.org/resource/Museum_of_Edinburgh" ,
 "http://yago-knowledge.org/resource/Edinburgh_Castle" ,
 "http://yago-knowledge.org/resource/Congested_Districts_Board_Scotland" ,
 "http://yago-knowledge.org/resource/Deer_forest" ,
 "http://yago-knowledge.org/resource/Craiglethy" ,
 "http://yago-knowledge.org/resource/Dail_Mor" ,
 "http://yago-knowledge.org/resource/Linga_Hildasay" ,
 "http://yago-knowledge.org/resource/St_Giles27_Cathedral" ,
 "http://yago-knowledge.org/resource/Gruinard_Island" ,
 "http://yago-knowledge.org/resource/Tayside" ,
 "http://yago-knowledge.org/resource/Armadale_Castle" ,
 "http://yago-knowledge.org/resource/Bod_of_Gremista" ,
 "http://yago-knowledge.org/resource/Bon_Accord_Free_Church" ,
 "http://yago-knowledge.org/resource/Lugton_Water" ,
 "http://yago-knowledge.org/resource/Dr_Gray27s_Hospital" ,
 "http://yago-knowledge.org/resource/Bervie_Water" ,
 "http://yago-knowledge.org/resource/Rotten_Calder" ,
 "http://yago-knowledge.org/resource/Twatt_Shetland" ,
 "http://yago-knowledge.org/resource/River_Farg" ,
 "http://yago-knowledge.org/resource/Sula_Sgeir" ,
 "http://yago-knowledge.org/resource/Sibhinis" ,
 "http://yago-knowledge.org/resource/West_Highland_Way" ,
 "http://yago-knowledge.org/resource/Horse_Isle" ,
 "http://yago-knowledge.org/resource/Eilean_Shona" ,
 "http://yago-knowledge.org/resource/Vementry" ,
 "http://yago-knowledge.org/resource/Luther_Water" ,
 "http://yago-knowledge.org/resource/Kyle_of_Sutherland" ,
 "http://yago-knowledge.org/resource/National_Theatre_of_Scotland" ,
 "http://yago-knowledge.org/resource/Soay_St_Kilda" ,
 "http://yago-knowledge.org/resource/Brough_of_Birsay" ,
 "http://yago-knowledge.org/resource/Scottish_Mining_Museum" ,
 "http://yago-knowledge.org/resource/St_Ninian27s_Isle" ,
 "http://yago-knowledge.org/resource/Scottish_Fisheries_Museum" ,
 "http://yago-knowledge.org/resource/Ailsa_Craig" ,
 "http://yago-knowledge.org/resource/Underbelly_venue" ,
 "http://yago-knowledge.org/resource/Copinsay" ,
 "http://yago-knowledge.org/resource/Byre_Theatre" ,
 "http://yago-knowledge.org/resource/His_Majesty27s_Theatre" ,
 "http://yago-knowledge.org/resource/Castle_of_St_John" ,
 "http://yago-knowledge.org/resource/Royal_burgh" ,
 "http://yago-knowledge.org/resource/Water_of_Leith" ,
 "http://yago-knowledge.org/resource/Balbridie" ,
 "http://yago-knowledge.org/resource/Carinish" ,
 "http://yago-knowledge.org/resource/River_Nith" ,
 "http://yago-knowledge.org/resource/Highland_English" ,
 "http://yago-knowledge.org/resource/Preston_Mill" ,
 "http://yago-knowledge.org/resource/Cargilfield_Preparatory_School" ,
 "http://yago-knowledge.org/resource/Ness_Islands" ,
 "http://yago-knowledge.org/resource/Loch_Leven_Kinross" ,
 "http://yago-knowledge.org/resource/King27s_Theatre_Glasgow" ,
 "http://yago-knowledge.org/resource/St_Mary27s_Cathedral_Aberdeen" ,
 "http://yago-knowledge.org/resource/Kershope_Burn" ,
 "http://yago-knowledge.org/resource/Water_of_Girvan" ,
 "http://yago-knowledge.org/resource/Sandray" ,
 "http://yago-knowledge.org/resource/Music_Hall_Aberdeen" ,
 "http://yago-knowledge.org/resource/Strathnaver" ,
 "http://yago-knowledge.org/resource/Stornoway" ,
 "http://yago-knowledge.org/resource/Corn_Holm" ,
 "http://yago-knowledge.org/resource/Stirling_Castle" ,
 "http://yago-knowledge.org/resource/Wolf_Burn" ,
 "http://yago-knowledge.org/resource/River_Sgitheach" ,
 "http://yago-knowledge.org/resource/John_Knox_House" ,
 "http://yago-knowledge.org/resource/Surgeons27_Hall" ,
 "http://yago-knowledge.org/resource/Gleneagles_Hotel" ,
 "http://yago-knowledge.org/resource/Kilmahew_Castle" ,
 "http://yago-knowledge.org/resource/Vogrie_Country_Park" ,
 "http://yago-knowledge.org/resource/Western_General_Hospital" ,
 "http://yago-knowledge.org/resource/River_Ness" ,
 "http://yago-knowledge.org/resource/North_Rona" ,
 "http://yago-knowledge.org/resource/Stonehaven_Tolbooth" ,
 "http://yago-knowledge.org/resource/River_Leven_Dunbartonshire" ,
 "http://yago-knowledge.org/resource/Stroma_Scotland" ,
 "http://yago-knowledge.org/resource/Glasgow_Necropolis" ,
 "http://yago-knowledge.org/resource/River_Evelix" ,
 "http://yago-knowledge.org/resource/Spier27s_School" ,
 "http://yago-knowledge.org/resource/Black_Holm" ,
 "http://yago-knowledge.org/resource/Connel_Burn" ,
 "http://yago-knowledge.org/resource/Prestongrange_Industrial_Heritage_Museum" ,
 "http://yago-knowledge.org/resource/Raydale_Park" ,
 "http://yago-knowledge.org/resource/Jedburgh_Castle" ,
 "http://yago-knowledge.org/resource/Morrich_More" ,
 "http://yago-knowledge.org/resource/Roman_Catholic_Diocese_of_Paisley" ,
 "http://yago-knowledge.org/resource/Baddinsgill_Reservoir" ,
 "http://yago-knowledge.org/resource/Leum_Uilleim" ,
 "http://yago-knowledge.org/resource/Longa_Island" ,
 "http://yago-knowledge.org/resource/River_Esk_Lothian" ,
 "http://yago-knowledge.org/resource/South_Calder_Water" ,
 "http://yago-knowledge.org/resource/Leith_School_of_Art" ,
 "http://yago-knowledge.org/resource/Central_Region_Scotland" ,
 "http://yago-knowledge.org/resource/Helliar_Holm" ,
 "http://yago-knowledge.org/resource/River_Earn" ,
 "http://yago-knowledge.org/resource/Lake_of_Menteith" ,
 "http://yago-knowledge.org/resource/Haskeir" ,
 "http://yago-knowledge.org/resource/Badenyon" ,
 "http://yago-knowledge.org/resource/Chesters_Hill_Fort" ,
 "http://yago-knowledge.org/resource/River_Dee_Galloway" ,
 "http://yago-knowledge.org/resource/Little_Roe" ,
 "http://yago-knowledge.org/resource/Bryum_dixonii" ,
 "http://yago-knowledge.org/resource/North_Calder_Water" ,
 "http://yago-knowledge.org/resource/Roxburgh" ,
 "http://yago-knowledge.org/resource/Southern_Upland_Way" ,
 "http://yago-knowledge.org/resource/Achairn_Burn" ,
 "http://yago-knowledge.org/resource/Thorntonhall" ,
 "http://yago-knowledge.org/resource/Loch_Burn_Watten" ,
 "http://yago-knowledge.org/resource/Oronsay_Loch_Bracadale" ,
 "http://yago-knowledge.org/resource/Shawfield_Stadium" ,
 "http://yago-knowledge.org/resource/River_Tay" ,
 "http://yago-knowledge.org/resource/Inverurie" ,
 "http://yago-knowledge.org/resource/Scottish_Sports_Hall_of_Fame" ,
 "http://yago-knowledge.org/resource/Hildasay" ,
 "http://yago-knowledge.org/resource/Loch_Tummel" ,
 "http://yago-knowledge.org/resource/River_Ury" ,
 "http://yago-knowledge.org/resource/River_Cart" ,
 "http://yago-knowledge.org/resource/River_Tyne_Scotland" ,
 "http://yago-knowledge.org/resource/Old_Scatness" ,
 "http://yago-knowledge.org/resource/Athyrium_flexile" ,
 "http://yago-knowledge.org/resource/Schiehallion" ,
 "http://yago-knowledge.org/resource/Coats_Observatory" ,
 "http://yago-knowledge.org/resource/Morgan_Academy" ,
 "http://yago-knowledge.org/resource/May_Craig_island" ,
 "http://yago-knowledge.org/resource/Signal_Tower_Museum" ,
 "http://yago-knowledge.org/resource/Isle_Martin" ,
 "http://yago-knowledge.org/resource/Shee_Water" ,
 "http://yago-knowledge.org/resource/Endrick_Water" ,
 "http://yago-knowledge.org/resource/Foinaven_oilfield" ,
 "http://yago-knowledge.org/resource/Papa_Little" ,
 "http://yago-knowledge.org/resource/Annick_Water" ,
 "http://yago-knowledge.org/resource/Oxna" ,
 "http://yago-knowledge.org/resource/River_Conon" ,
 "http://yago-knowledge.org/resource/River_Ayr" ,
 "http://yago-knowledge.org/resource/Grampian_Transport_Museum" ,
 "http://yago-knowledge.org/resource/Old_Haa_Museum" ,
 "http://yago-knowledge.org/resource/Tannochbrae" ,
 "http://yago-knowledge.org/resource/River_Coe" ,
 "http://yago-knowledge.org/resource/River_Tummel" ,
 "http://yago-knowledge.org/resource/Castle_Sinclair_Girnigoe" ,
 "http://yago-knowledge.org/resource/River_Leven_Fife" ,
 "http://yago-knowledge.org/resource/Scottish_Railway_Museum" ,
 "http://yago-knowledge.org/resource/Matron27s_badge" ,
 "http://yago-knowledge.org/resource/Coy_Burn" ,
 "http://yago-knowledge.org/resource/Soay_Beag" ,
 "http://yago-knowledge.org/resource/Leithen_Water" ,
 "http://yago-knowledge.org/resource/Dwarfie_Stane" ,
 "http://yago-knowledge.org/resource/River_Carron_Forth" ,
 "http://yago-knowledge.org/resource/Allan_Water" ,
 "http://yago-knowledge.org/resource/River_Shiel" ,
 "http://yago-knowledge.org/resource/Dunadd" ,
 "http://yago-knowledge.org/resource/Garbh_Uisge" ,
 "http://yago-knowledge.org/resource/St_Columba27s_Cathedral" ,
 "http://yago-knowledge.org/resource/River_Ugie" ,
 "http://yago-knowledge.org/resource/Calve_Island" ,
 "http://yago-knowledge.org/resource/River_Eden_Fife" ,
 "http://yago-knowledge.org/resource/Rangers_FC_Hall_of_Fame" ,
 "http://yago-knowledge.org/resource/River_Carron_Sutherland" ,
 "http://yago-knowledge.org/resource/Burn_of_Muchalls" ,
 "http://yago-knowledge.org/resource/Inchgarvie" ,
 "http://yago-knowledge.org/resource/Belnahua" ,
 "http://yago-knowledge.org/resource/Isle_Ristol" ,
 "http://yago-knowledge.org/resource/British_Golf_Museum" ,
 "http://yago-knowledge.org/resource/Avon_Water" ,
 "http://yago-knowledge.org/resource/Eildon_Hill" ,
 "http://yago-knowledge.org/resource/River_Doon" ,
 "http://yago-knowledge.org/resource/Menstrie_Castle" ,
 "http://yago-knowledge.org/resource/Loch_Tulla" ,
 "http://yago-knowledge.org/resource/Rosyth_Castle" ,
 "http://yago-knowledge.org/resource/Beinn_Ime" ,
 "http://yago-knowledge.org/resource/Great_Glen_Way" ,
 "http://yago-knowledge.org/resource/Stewartry_Museum" ,
 "http://yago-knowledge.org/resource/South_Queensferry" ,
 "http://yago-knowledge.org/resource/Keith_Inch" ,
 "http://yago-knowledge.org/resource/Scottish_Railway_Preservation_Society" ,
 "http://yago-knowledge.org/resource/River_Teith" ,
 "http://yago-knowledge.org/resource/Hawkshaw_Scottish_Borders" ,
 "http://yago-knowledge.org/resource/Loch_Garry" ,
 "http://yago-knowledge.org/resource/Meall_Buidhe_Corbett" ,
 "http://yago-knowledge.org/resource/Boreraig" ,
 "http://yago-knowledge.org/resource/Ceann_Iar" ,
 "http://yago-knowledge.org/resource/River_Stinchar" ,
 "http://yago-knowledge.org/resource/River_Sark" ,
 "http://yago-knowledge.org/resource/Speyside_Way" ,
 "http://yago-knowledge.org/resource/Scottish_Crofting_Foundation" ,
 "http://yago-knowledge.org/resource/Cape_Wrath_Trail" ,
 "http://yago-knowledge.org/resource/Greenock_Water" ,
 "http://yago-knowledge.org/resource/Loch_Eck" ,
 "http://yago-knowledge.org/resource/Lord_Provost" ,
 "http://yago-knowledge.org/resource/River_Isla_Perthshire" ,
 "http://yago-knowledge.org/resource/Chatelherault_Country_Park" ,
 "http://yago-knowledge.org/resource/Clett" ,
 "http://yago-knowledge.org/resource/Ceann_Ear" ,
 "http://yago-knowledge.org/resource/Kilconquhar_Loch" ,
 "http://yago-knowledge.org/resource/Strathclyde" ,
 "http://yago-knowledge.org/resource/Water_of_Ae" ,
 "http://yago-knowledge.org/resource/Places_in_Harry_Potter" ,
 "http://yago-knowledge.org/resource/Grampian" ,
 "http://yago-knowledge.org/resource/Traprain_Law" ,
 "http://yago-knowledge.org/resource/Forvie" ,
 "http://yago-knowledge.org/resource/River_South_Esk" ,
 "http://yago-knowledge.org/resource/Tornagrain" ,
 "http://yago-knowledge.org/resource/Horse_Island_Summer_Isles" ,
 "http://yago-knowledge.org/resource/Bucks_Burn" ,
 "http://yago-knowledge.org/resource/Forth_to_Firth_Canal_Pathway" ,
 "http://yago-knowledge.org/resource/Burgh_of_regality" ,
 "http://yago-knowledge.org/resource/Grimsay" ,
 "http://yago-knowledge.org/resource/Crawton" ,
 "http://yago-knowledge.org/resource/Brother_Isle" ,
 "http://yago-knowledge.org/resource/Strath_Burn_Wick_River" ,
 "http://yago-knowledge.org/resource/Erraid" ,
 "http://yago-knowledge.org/resource/Cairnie_Burn" ,
 "http://yago-knowledge.org/resource/Water_of_Ken" ,
 "http://yago-knowledge.org/resource/Lampay" ,
 "http://yago-knowledge.org/resource/River_Lossie" ,
 "http://yago-knowledge.org/resource/Douglas_Water" ,
 "http://yago-knowledge.org/resource/Cruggleton_Castle" ,
 "http://yago-knowledge.org/resource/Limpet_Burn" ,
 "http://yago-knowledge.org/resource/Islands_council_areas_of_Scotland" ,
 "http://yago-knowledge.org/resource/River_Deveron" ,
 "http://yago-knowledge.org/resource/Eriska" ,
 "http://yago-knowledge.org/resource/River_Ericht" ,
 "http://yago-knowledge.org/resource/River_Beauly" ,
 "http://yago-knowledge.org/resource/Pollok_Country_Park" ,
 "http://yago-knowledge.org/resource/Glasgow_University_Library" ,
 "http://yago-knowledge.org/resource/HVDC_Moyle" ,
 "http://yago-knowledge.org/resource/Sand_Applecross" ,
 "http://yago-knowledge.org/resource/Eilean_Dearg_Loch_Ruel" ,
 "http://yago-knowledge.org/resource/Cowie_Water" ,
 "http://yago-knowledge.org/resource/River_Don_Aberdeenshire" ,
 "http://yago-knowledge.org/resource/River_Avon_Falkirk" ,
 "http://yago-knowledge.org/resource/Stac_Lee" ,
 "http://yago-knowledge.org/resource/Fife_Folk_Museum" ,
 "http://yago-knowledge.org/resource/The_Big_Idea" ,
 "http://yago-knowledge.org/resource/River_Findhorn" ,
 "http://yago-knowledge.org/resource/Corgarff_Castle" ,
 "http://yago-knowledge.org/resource/Pabbay_Barra_Scotland" ,
 "http://yago-knowledge.org/resource/Islands_of_the_Forth" ,
 "http://yago-knowledge.org/resource/River_Shin" ,
 "http://yago-knowledge.org/resource/Water_of_Luce" ,
 "http://yago-knowledge.org/resource/Rispain_Camp" ,
 "http://yago-knowledge.org/resource/Whiteadder_Water" ,
 "http://yago-knowledge.org/resource/River_Devon_Clackmannanshire" ,
 "http://yago-knowledge.org/resource/Molendinar_Burn" ,
 "http://yago-knowledge.org/resource/Mavis_Grind" ,
 "http://yago-knowledge.org/resource/South_Medwyn_River" ,
 "http://yago-knowledge.org/resource/River_Spey" ,
 "http://yago-knowledge.org/resource/Scaur_Water" ,
 "http://yago-knowledge.org/resource/River_Isla_Moray" ,
 "http://yago-knowledge.org/resource/Beinn_Ghlas" ,
 "http://yago-knowledge.org/resource/Galloway_Forest_Park" ,
